{
    "__type": "AggregatedBenchmarkResult",
    "name": "BraninCurrin|SOBOL_BASELINE_1649953583",
    "experiments": [],
    "optimization_trace": {
        "__type": "DataFrame",
        "value": "{\"median\":{\"0\":0.0,\"1\":0.0,\"2\":0.0,\"3\":0.0,\"4\":0.0,\"5\":0.0,\"6\":0.0,\"7\":0.0,\"8\":0.0,\"9\":0.0,\"10\":0.0,\"11\":0.0,\"12\":0.0,\"13\":0.0,\"14\":0.0,\"15\":0.0508364356,\"16\":0.292941127,\"17\":1.510409832,\"18\":2.6099485159,\"19\":2.6099485159,\"20\":2.6099485159,\"21\":3.0100744963,\"22\":3.5520825386,\"23\":3.8533209562,\"24\":4.1941691637,\"25\":4.4896044731,\"26\":4.5910151005,\"27\":4.5910151005,\"28\":5.4511744976,\"29\":5.9259119034,\"30\":6.2664008141,\"31\":6.6090807915,\"32\":6.621894598,\"33\":6.621894598,\"34\":6.8706336021,\"35\":7.2735056877,\"36\":8.8928797245,\"37\":10.6181883812,\"38\":13.0404000282,\"39\":14.2803587914,\"40\":16.1640629768,\"41\":16.5584974289,\"42\":17.1639089584,\"43\":17.9120922089,\"44\":17.9120922089,\"45\":17.9120922089,\"46\":18.421002388,\"47\":18.9998073578,\"48\":19.2572641373,\"49\":19.5266819,\"50\":20.0688323975,\"51\":20.0688323975,\"52\":20.6085453033,\"53\":20.6085453033,\"54\":20.6085453033,\"55\":21.0549917221,\"56\":21.2748088837,\"57\":22.2257995605,\"58\":22.2257995605,\"59\":22.2257995605,\"60\":22.2257995605,\"61\":22.2257995605,\"62\":22.5509567261,\"63\":22.8055047989,\"64\":23.2017498016,\"65\":23.2017498016,\"66\":23.5823583603,\"67\":25.2210454941,\"68\":25.2210454941,\"69\":25.2210454941,\"70\":25.5685100555,\"71\":25.5685100555,\"72\":25.6996669769,\"73\":25.8428907394,\"74\":25.8428907394,\"75\":25.8428907394,\"76\":26.0336742401,\"77\":26.0336742401,\"78\":26.0336742401,\"79\":26.6190624237,\"80\":26.6190624237,\"81\":26.6190624237,\"82\":26.6190624237,\"83\":26.6190624237,\"84\":27.1878824234,\"85\":27.4261169434,\"86\":27.4261169434,\"87\":27.4261169434,\"88\":28.3678197861,\"89\":28.3678197861,\"90\":29.016626358,\"91\":29.1756458282,\"92\":29.1756458282,\"93\":29.1756458282,\"94\":29.1756458282,\"95\":29.1756458282,\"96\":29.4104881287,\"97\":29.4104881287,\"98\":29.6532421112,\"99\":29.6532421112},\"mean\":{\"0\":0.0,\"1\":0.7873100543,\"2\":1.3065036368,\"3\":1.7972635818,\"4\":1.9353263646,\"5\":2.1829257184,\"6\":2.4665500551,\"7\":2.7366665916,\"8\":2.9257223253,\"9\":4.2669996957,\"10\":4.5640089361,\"11\":5.2809064071,\"12\":5.573491985,\"13\":6.0189954345,\"14\":6.341449822,\"15\":6.7079961906,\"16\":6.7422038732,\"17\":7.0623168121,\"18\":7.8846987886,\"19\":7.9168688364,\"20\":8.1719808381,\"21\":8.2390174287,\"22\":8.6361484139,\"23\":8.9423241582,\"24\":9.1109407546,\"25\":9.2071254136,\"26\":9.5687166192,\"27\":9.7375113656,\"28\":10.7357583972,\"29\":10.9997529193,\"30\":11.5347932216,\"31\":12.3204897281,\"32\":12.5817299344,\"33\":12.5845246579,\"34\":12.9037246301,\"35\":13.1056081059,\"36\":13.752241343,\"37\":14.0789264367,\"38\":14.5251553509,\"39\":14.7481552622,\"40\":15.1708898387,\"41\":15.4760688148,\"42\":15.808012384,\"43\":16.0111775408,\"44\":16.4570386801,\"45\":16.7165858278,\"46\":16.9848582277,\"47\":17.2448687802,\"48\":17.6646096525,\"49\":17.9134906731,\"50\":18.2361989842,\"51\":18.2558147297,\"52\":18.4656300221,\"53\":18.6702713547,\"54\":18.8346591697,\"55\":19.1415854774,\"56\":19.4385765976,\"57\":19.7634074444,\"58\":19.7785320372,\"59\":19.8324168045,\"60\":19.9841927464,\"61\":20.0065577251,\"62\":20.1869367821,\"63\":20.3349071342,\"64\":20.5114197571,\"65\":20.5530131561,\"66\":20.8183917744,\"67\":21.7153464854,\"68\":21.7303525507,\"69\":21.7303525507,\"70\":21.8829429209,\"71\":21.9522964847,\"72\":22.3162888384,\"73\":22.5752812433,\"74\":22.6003404284,\"75\":22.63051476,\"76\":22.7178443575,\"77\":22.8514235783,\"78\":22.9182625484,\"79\":23.0691182423,\"80\":23.2704052639,\"81\":23.2740643597,\"82\":23.4712331152,\"83\":23.6433702612,\"84\":23.9095143461,\"85\":24.1075329828,\"86\":24.1075329828,\"87\":24.4274465823,\"88\":24.5247523952,\"89\":24.5247523952,\"90\":25.1469537473,\"91\":25.3357289243,\"92\":25.3777243733,\"93\":25.3954512143,\"94\":25.5528590035,\"95\":25.8836855435,\"96\":26.0327389836,\"97\":26.0895411992,\"98\":26.3802312827,\"99\":26.4036531651},\"sem\":{\"0\":0.0,\"1\":0.3622320865,\"2\":0.475793073,\"3\":0.5771136711,\"4\":0.5884513908,\"5\":0.6307931222,\"6\":0.6577201538,\"7\":0.7011035903,\"8\":0.7010193983,\"9\":0.8467627573,\"10\":0.8599747536,\"11\":0.9240892808,\"12\":0.9265156014,\"13\":0.9867454497,\"14\":0.9893686601,\"15\":1.0110764639,\"16\":1.0093612459,\"17\":1.0214029054,\"18\":1.0501303777,\"19\":1.0527759435,\"20\":1.0828316274,\"21\":1.0798668542,\"22\":1.0860557131,\"23\":1.0902239663,\"24\":1.1030272731,\"25\":1.100621328,\"26\":1.1387936394,\"27\":1.1537074218,\"28\":1.2043221095,\"29\":1.2090868422,\"30\":1.2366659128,\"31\":1.2574420897,\"32\":1.2999842735,\"33\":1.3002226171,\"34\":1.2965373657,\"35\":1.2998504744,\"36\":1.3089695811,\"37\":1.3095470366,\"38\":1.3015946801,\"39\":1.2930314097,\"40\":1.2786328719,\"41\":1.2639639232,\"42\":1.2660691095,\"43\":1.262725137,\"44\":1.2669850018,\"45\":1.2655604127,\"46\":1.2909428319,\"47\":1.2899920932,\"48\":1.2755385131,\"49\":1.2683413392,\"50\":1.2704283727,\"51\":1.2737834182,\"52\":1.2827342556,\"53\":1.272400276,\"54\":1.2622763632,\"55\":1.2532998359,\"56\":1.2415183297,\"57\":1.2519440178,\"58\":1.2502697593,\"59\":1.2433201929,\"60\":1.2368193531,\"61\":1.2376725815,\"62\":1.2341038418,\"63\":1.2402768632,\"64\":1.2422934963,\"65\":1.2468924185,\"66\":1.2610304834,\"67\":1.2362360727,\"68\":1.2392123247,\"69\":1.2392123247,\"70\":1.2478681364,\"71\":1.2369172426,\"72\":1.2262830586,\"73\":1.2058543002,\"74\":1.205316012,\"75\":1.2087431682,\"76\":1.2117095648,\"77\":1.2069426452,\"78\":1.2062235161,\"79\":1.2105285273,\"80\":1.1864133169,\"81\":1.1867222621,\"82\":1.1758092785,\"83\":1.1666944384,\"84\":1.1613124054,\"85\":1.1580503977,\"86\":1.1580503977,\"87\":1.1309625223,\"88\":1.1340888507,\"89\":1.1340888507,\"90\":1.1087989062,\"91\":1.1221700034,\"92\":1.1246804435,\"93\":1.1254285147,\"94\":1.1030207045,\"95\":1.0907868511,\"96\":1.0985674588,\"97\":1.102995593,\"98\":1.0844081023,\"99\":1.0822227738}}"
    },
    "fit_time": [
        2.5996749949455262,
        0.04645250810222931
    ],
    "gen_time": [
        0.15659606248140334,
        0.0022675551118055397
    ]
}
