{
    "__type": "AggregatedBenchmarkResult",
    "name": "Hartmann|SOBOL_BASELINE_1650936270",
    "experiments": [],
    "optimization_trace": {
        "__type": "DataFrame",
        "value": "{\"median\":{\"0\":-0.1349620447,\"1\":-0.2420178801,\"2\":-0.3994717598,\"3\":-0.4533427507,\"4\":-0.5463630557,\"5\":-0.6422921717,\"6\":-0.8044600785,\"7\":-0.9175302088,\"8\":-0.9412319958,\"9\":-0.9988510609,\"10\":-1.0212523341,\"11\":-1.0902761221,\"12\":-1.0970608592,\"13\":-1.0989334583,\"14\":-1.0989334583,\"15\":-1.0989334583,\"16\":-1.1288700104,\"17\":-1.1742939949,\"18\":-1.197709918,\"19\":-1.2402834892,\"20\":-1.2945398092,\"21\":-1.305496335,\"22\":-1.3493856788,\"23\":-1.3493856788,\"24\":-1.3556547761,\"25\":-1.4119226933,\"26\":-1.4250305891,\"27\":-1.4841054678,\"28\":-1.4841054678,\"29\":-1.4841054678,\"30\":-1.5398395061,\"31\":-1.6194050312,\"32\":-1.6404670477,\"33\":-1.6625370979,\"34\":-1.6625370979,\"35\":-1.6625370979,\"36\":-1.6625370979,\"37\":-1.6749204397,\"38\":-1.6749204397,\"39\":-1.6749204397,\"40\":-1.6749204397,\"41\":-1.6749204397,\"42\":-1.7002136707,\"43\":-1.7002136707,\"44\":-1.7187698483,\"45\":-1.7187698483,\"46\":-1.7187698483,\"47\":-1.7455664873,\"48\":-1.7496777773,\"49\":-1.7496777773,\"50\":-1.7496777773,\"51\":-1.7665393949,\"52\":-1.7700198293,\"53\":-1.781419158,\"54\":-1.812820971,\"55\":-1.812820971,\"56\":-1.812820971,\"57\":-1.812820971,\"58\":-1.812820971,\"59\":-1.812820971,\"60\":-1.8374564052,\"61\":-1.8374564052,\"62\":-1.8374564052,\"63\":-1.856044054,\"64\":-1.856044054,\"65\":-1.856044054,\"66\":-1.8832861781,\"67\":-1.8832861781,\"68\":-1.8832861781,\"69\":-1.8888669014,\"70\":-1.8888669014,\"71\":-1.919121325,\"72\":-1.919121325,\"73\":-1.941324234,\"74\":-1.9742641449,\"75\":-1.9742641449,\"76\":-1.9742641449,\"77\":-1.9742641449,\"78\":-1.9742641449,\"79\":-1.9742641449,\"80\":-2.0040143728,\"81\":-2.0040143728,\"82\":-2.0040143728,\"83\":-2.0237095356,\"84\":-2.0368416309,\"85\":-2.0368416309,\"86\":-2.0506901741,\"87\":-2.0506901741,\"88\":-2.0506901741,\"89\":-2.0715625286,\"90\":-2.0715625286,\"91\":-2.0715625286,\"92\":-2.0715625286,\"93\":-2.0936529636,\"94\":-2.0936529636,\"95\":-2.0936529636,\"96\":-2.1085290909,\"97\":-2.1085290909,\"98\":-2.1085290909,\"99\":-2.1198306084},\"mean\":{\"0\":-0.221982518,\"1\":-0.3358173059,\"2\":-0.4871312269,\"3\":-0.6077422978,\"4\":-0.7117202893,\"5\":-0.8052168822,\"6\":-0.9170922217,\"7\":-1.0025112476,\"8\":-1.0474116509,\"9\":-1.0955383261,\"10\":-1.1284521244,\"11\":-1.1720402806,\"12\":-1.1938571124,\"13\":-1.2132300425,\"14\":-1.2170106924,\"15\":-1.2275244439,\"16\":-1.2494205919,\"17\":-1.2848605564,\"18\":-1.3045067754,\"19\":-1.3420560977,\"20\":-1.3967664281,\"21\":-1.4066319525,\"22\":-1.4807080925,\"23\":-1.4807080925,\"24\":-1.5066844505,\"25\":-1.5481254274,\"26\":-1.5747042507,\"27\":-1.6070614034,\"28\":-1.6194384038,\"29\":-1.6230609697,\"30\":-1.6349933916,\"31\":-1.6442110252,\"32\":-1.6628093576,\"33\":-1.6770859039,\"34\":-1.6886206967,\"35\":-1.691517486,\"36\":-1.6970021802,\"37\":-1.7087181687,\"38\":-1.7172329628,\"39\":-1.721824376,\"40\":-1.7235789245,\"41\":-1.7235789245,\"42\":-1.7292089683,\"43\":-1.7444744062,\"44\":-1.751803304,\"45\":-1.7595671445,\"46\":-1.7653830808,\"47\":-1.7856102258,\"48\":-1.7987002075,\"49\":-1.7987002075,\"50\":-1.7987002075,\"51\":-1.8099369848,\"52\":-1.8270321292,\"53\":-1.8297726315,\"54\":-1.8434451085,\"55\":-1.8454404896,\"56\":-1.8454404896,\"57\":-1.8459622866,\"58\":-1.8528196138,\"59\":-1.8528196138,\"60\":-1.8615213853,\"61\":-1.8615213853,\"62\":-1.8645293111,\"63\":-1.8752932602,\"64\":-1.8752932602,\"65\":-1.8796616971,\"66\":-1.9140934062,\"67\":-1.9154757118,\"68\":-1.9253172988,\"69\":-1.9346870148,\"70\":-1.9440477991,\"71\":-1.9689567828,\"72\":-1.9689567828,\"73\":-1.9747887301,\"74\":-1.9831214643,\"75\":-1.9831214643,\"76\":-1.9831214643,\"77\":-1.9858325577,\"78\":-1.9912245882,\"79\":-1.9931432998,\"80\":-2.0071237969,\"81\":-2.0087529886,\"82\":-2.0118445277,\"83\":-2.0287856758,\"84\":-2.0415176392,\"85\":-2.0415176392,\"86\":-2.0522087276,\"87\":-2.0522087276,\"88\":-2.0548169696,\"89\":-2.0558722007,\"90\":-2.0651077223,\"91\":-2.0674729884,\"92\":-2.0713108194,\"93\":-2.078691467,\"94\":-2.078691467,\"95\":-2.078691467,\"96\":-2.084736799,\"97\":-2.084736799,\"98\":-2.08762995,\"99\":-2.0930742455},\"sem\":{\"0\":0.0255338226,\"1\":0.0306943105,\"2\":0.0467042102,\"3\":0.0551167644,\"4\":0.0565143664,\"5\":0.0570744844,\"6\":0.0588519345,\"7\":0.0610061877,\"8\":0.0598316254,\"9\":0.0602090028,\"10\":0.0587751837,\"11\":0.0610324111,\"12\":0.0607662799,\"13\":0.0597894049,\"14\":0.0592408777,\"15\":0.0585439231,\"16\":0.0574130097,\"17\":0.0571663516,\"18\":0.0578831595,\"19\":0.0572012772,\"20\":0.0580044265,\"21\":0.0573390385,\"22\":0.0630635736,\"23\":0.0630635736,\"24\":0.0622663625,\"25\":0.0627105157,\"26\":0.0623466926,\"27\":0.0618418866,\"28\":0.0626235646,\"29\":0.0623724379,\"30\":0.0624910885,\"31\":0.0619374106,\"32\":0.0604349366,\"33\":0.0610875114,\"34\":0.0600458562,\"35\":0.059951439,\"36\":0.0595408801,\"37\":0.058426883,\"38\":0.0571973585,\"39\":0.0566727448,\"40\":0.0563460006,\"41\":0.0563460006,\"42\":0.0560749214,\"43\":0.055090589,\"44\":0.0548133126,\"45\":0.0538923309,\"46\":0.0535188785,\"47\":0.0537848573,\"48\":0.0524913673,\"49\":0.0524913673,\"50\":0.0524913673,\"51\":0.0524856932,\"52\":0.0519492976,\"53\":0.0518593251,\"54\":0.051484223,\"55\":0.0513146614,\"56\":0.0513146614,\"57\":0.0512734368,\"58\":0.0505767339,\"59\":0.0505767339,\"60\":0.0506485003,\"61\":0.0506485003,\"62\":0.0503962161,\"63\":0.051226631,\"64\":0.051226631,\"65\":0.050563567,\"66\":0.0508131127,\"67\":0.0509079621,\"68\":0.0497998561,\"69\":0.0488270337,\"70\":0.0483636571,\"71\":0.0484495564,\"72\":0.0484495564,\"73\":0.0481224655,\"74\":0.0478332998,\"75\":0.0478332998,\"76\":0.0478332998,\"77\":0.0475858993,\"78\":0.0469084948,\"79\":0.0472611859,\"80\":0.0468270133,\"81\":0.0467059215,\"82\":0.0461567636,\"83\":0.0469013823,\"84\":0.046880995,\"85\":0.046880995,\"86\":0.0468654632,\"87\":0.0468654632,\"88\":0.0472304948,\"89\":0.0472299759,\"90\":0.0474541616,\"91\":0.0472113246,\"92\":0.0472093486,\"93\":0.0471860245,\"94\":0.0471860245,\"95\":0.0471860245,\"96\":0.0473266441,\"97\":0.0473266441,\"98\":0.0467633845,\"99\":0.0466451779}}"
    },
    "fit_time": [
        2.418413288593292,
        0.0298967395428912
    ],
    "gen_time": [
        0.29426083716272844,
        0.036168593383341455
    ]
}
