{
    "__type": "AggregatedBenchmarkResult",
    "name": "Powell|SOBOL_BASELINE_1650936651",
    "experiments": [],
    "optimization_trace": {
        "__type": "DataFrame",
        "value": "{\"median\":{\"0\":5785.6931152344,\"1\":1676.0182495117,\"2\":1040.479309082,\"3\":754.1585388184,\"4\":523.6361083984,\"5\":501.5067901611,\"6\":468.2144622803,\"7\":457.11378479,\"8\":411.9176635742,\"9\":375.9949951172,\"10\":354.6110687256,\"11\":336.9462585449,\"12\":334.2038116455,\"13\":322.5264129639,\"14\":307.4363555908,\"15\":304.2798919678,\"16\":301.5316772461,\"17\":296.6816711426,\"18\":294.6173553467,\"19\":290.0131378174,\"20\":281.0507507324,\"21\":247.2610626221,\"22\":229.4863204956,\"23\":210.2415466309,\"24\":200.0201950073,\"25\":191.4040985107,\"26\":190.9132537842,\"27\":186.5598297119,\"28\":179.2699813843,\"29\":176.496711731,\"30\":169.6754074097,\"31\":161.2995605469,\"32\":160.3916625977,\"33\":158.9229354858,\"34\":156.0662002563,\"35\":151.8197021484,\"36\":151.8197021484,\"37\":151.8197021484,\"38\":149.0203399658,\"39\":149.0203399658,\"40\":144.5740661621,\"41\":144.5740661621,\"42\":131.5168457031,\"43\":131.5168457031,\"44\":121.4830932617,\"45\":106.0327453613,\"46\":103.1838684082,\"47\":102.8081932068,\"48\":102.1480522156,\"49\":102.1480522156,\"50\":102.1480522156,\"51\":100.3264427185,\"52\":95.518825531,\"53\":95.518825531,\"54\":95.518825531,\"55\":95.518825531,\"56\":93.9211616516,\"57\":93.9211616516,\"58\":93.9211616516,\"59\":93.9211616516,\"60\":93.9211616516,\"61\":90.9016571045,\"62\":89.6926231384,\"63\":89.6926231384,\"64\":88.5852012634,\"65\":88.5852012634,\"66\":86.797832489,\"67\":85.2971611023,\"68\":81.3816146851,\"69\":78.1548118591,\"70\":78.1548118591,\"71\":77.4292640686,\"72\":77.4292640686,\"73\":77.4292640686,\"74\":76.7145957947,\"75\":75.8039894104,\"76\":74.868686676,\"77\":74.868686676,\"78\":74.868686676,\"79\":74.868686676,\"80\":74.1023597717,\"81\":74.1023597717,\"82\":74.1023597717,\"83\":74.1023597717,\"84\":73.0779647827,\"85\":73.0779647827,\"86\":73.0779647827,\"87\":72.3877258301,\"88\":72.3877258301,\"89\":72.3877258301,\"90\":72.3877258301,\"91\":72.3877258301,\"92\":72.3877258301,\"93\":72.3877258301,\"94\":72.3877258301,\"95\":72.3877258301,\"96\":72.3877258301,\"97\":71.9696807861,\"98\":71.9696807861,\"99\":71.6852035522},\"mean\":{\"0\":9868.4224391174,\"1\":3104.8896419525,\"2\":1799.8650489044,\"3\":1181.0532111359,\"4\":944.1905049896,\"5\":743.3284380341,\"6\":683.769196167,\"7\":603.8111715698,\"8\":548.8988619995,\"9\":510.9262737274,\"10\":473.3963037872,\"11\":435.417911911,\"12\":416.5686667633,\"13\":390.9339330292,\"14\":364.6771609497,\"15\":344.1373791504,\"16\":326.3800725555,\"17\":320.0404087067,\"18\":316.6341890717,\"19\":307.1609674835,\"20\":296.660228653,\"21\":276.0538853836,\"22\":270.3742168045,\"23\":261.2631509781,\"24\":246.7254046631,\"25\":233.8453015137,\"26\":232.6676468277,\"27\":218.9456526375,\"28\":211.9627171707,\"29\":207.8042244339,\"30\":202.6706970596,\"31\":197.1771692276,\"32\":192.655863781,\"33\":183.7945525932,\"34\":177.1833503532,\"35\":175.0216667366,\"36\":172.4593892479,\"37\":171.4048108482,\"38\":169.6554112053,\"39\":168.6281133461,\"40\":167.2226124573,\"41\":163.9394376564,\"42\":158.4684304237,\"43\":154.9789452362,\"44\":150.8662186909,\"45\":138.8703972721,\"46\":134.747821207,\"47\":131.7093978214,\"48\":128.6580805302,\"49\":128.4205093479,\"50\":128.4205093479,\"51\":127.5027872944,\"52\":123.3021069431,\"53\":123.0416394138,\"54\":122.8600360203,\"55\":122.614395647,\"56\":121.6536998463,\"57\":120.9448918629,\"58\":120.9448918629,\"59\":120.9221034718,\"60\":120.7820537281,\"61\":119.6409965229,\"62\":118.7772208881,\"63\":118.2406952381,\"64\":116.4601676655,\"65\":115.5853239536,\"66\":114.8595405674,\"67\":110.6829892445,\"68\":108.2816909385,\"69\":107.6276710868,\"70\":106.5724437308,\"71\":104.674383719,\"72\":104.2548758149,\"73\":104.2548758149,\"74\":102.9156659818,\"75\":101.8590932584,\"76\":101.3225648236,\"77\":100.2947337079,\"78\":99.4756213117,\"79\":98.9600256085,\"80\":97.7155122495,\"81\":97.7155122495,\"82\":96.4255650449,\"83\":96.4255650449,\"84\":95.8689734769,\"85\":95.32994241,\"86\":94.9904296231,\"87\":94.2725037122,\"88\":94.2725037122,\"89\":94.2725037122,\"90\":93.9987000012,\"91\":93.7244368482,\"92\":93.4664022565,\"93\":93.4664022565,\"94\":93.4664022565,\"95\":93.4664022565,\"96\":93.4664022565,\"97\":92.5495148969,\"98\":91.8986756635,\"99\":90.3195960546},\"sem\":{\"0\":1259.7081765454,\"1\":374.2960349291,\"2\":210.4013060093,\"3\":138.9370400965,\"4\":123.3019258195,\"5\":86.1215556458,\"6\":75.9904141555,\"7\":50.6395526334,\"8\":48.6593587628,\"9\":43.8579197898,\"10\":40.321781732,\"11\":35.9719165013,\"12\":34.0718319353,\"13\":30.0567302772,\"14\":28.0035938062,\"15\":24.1049945735,\"16\":21.532857981,\"17\":21.0661796677,\"18\":20.969665097,\"19\":20.3294804378,\"20\":18.9700642371,\"21\":16.8752693812,\"22\":16.9410825638,\"23\":16.826468469,\"24\":16.6226938942,\"25\":15.88974539,\"26\":15.965828041,\"27\":14.7300173923,\"28\":14.3561700121,\"29\":14.2185906617,\"30\":13.8555102517,\"31\":13.8176734812,\"32\":13.6299968493,\"33\":12.6907742649,\"34\":11.9781211021,\"35\":12.0664439887,\"36\":11.8301936083,\"37\":11.7970312955,\"38\":11.82058978,\"39\":11.8652781529,\"40\":11.9616766013,\"41\":11.7904644495,\"42\":11.6604173212,\"43\":11.53715397,\"44\":11.3836377182,\"45\":10.0130364886,\"46\":9.7862010182,\"47\":9.7286133157,\"48\":9.4193444541,\"49\":9.4342590327,\"50\":9.4342590327,\"51\":9.4898763241,\"52\":9.3807406982,\"53\":9.368910431,\"54\":9.3215763239,\"55\":9.3372421879,\"56\":9.3743569511,\"57\":9.3344256212,\"58\":9.3344256212,\"59\":9.3298078915,\"60\":9.295300676,\"61\":9.3074984841,\"62\":9.3100571213,\"63\":9.2840703416,\"64\":9.3158799039,\"65\":9.3428600475,\"66\":9.35572416,\"67\":9.0786302375,\"68\":9.1203177165,\"69\":9.1366996448,\"70\":9.1138624744,\"71\":9.1445892056,\"72\":9.137653974,\"73\":9.137653974,\"74\":9.1502981363,\"75\":9.1568294167,\"76\":9.1648491634,\"77\":9.1205898263,\"78\":8.9812468136,\"79\":8.9130721058,\"80\":8.9280700131,\"81\":8.9280700131,\"82\":8.7192630288,\"83\":8.7192630288,\"84\":8.7378941389,\"85\":8.6006910825,\"86\":8.5926428407,\"87\":8.6193006395,\"88\":8.6193006395,\"89\":8.6193006395,\"90\":8.6158997826,\"91\":8.5891758044,\"92\":8.5866641821,\"93\":8.5866641821,\"94\":8.5866641821,\"95\":8.5866641821,\"96\":8.5866641821,\"97\":8.5952162329,\"98\":8.5342452079,\"99\":8.5124921903}}"
    },
    "fit_time": [
        2.277362895011902,
        0.033736512121100806
    ],
    "gen_time": [
        0.2503803966299165,
        0.020058419679389396
    ]
}
