{
    "__type": "AggregatedBenchmarkResult",
    "name": "BraninCurrin_30d|SOBOL_BASELINE_1650404269",
    "experiments": [],
    "optimization_trace": {
        "__type": "DataFrame",
        "value": "{\"median\":{\"0\":0.0,\"1\":0.0,\"2\":0.0,\"3\":0.0,\"4\":0.0,\"5\":0.0,\"6\":0.0,\"7\":0.0,\"8\":0.0,\"9\":0.0,\"10\":0.0,\"11\":0.0,\"12\":0.0,\"13\":0.0,\"14\":0.0,\"15\":0.0,\"16\":0.015555134,\"17\":0.015555134,\"18\":0.5546263456,\"19\":0.624468118,\"20\":0.8303934038,\"21\":1.3893842101,\"22\":3.4350678921,\"23\":5.5421590805,\"24\":6.6424357891,\"25\":6.6948719025,\"26\":7.1665885448,\"27\":7.5748984814,\"28\":7.793194294,\"29\":8.0489635468,\"30\":8.0489635468,\"31\":8.0489635468,\"32\":8.8560214043,\"33\":10.1740679741,\"34\":11.0346088409,\"35\":11.0346088409,\"36\":11.3657393456,\"37\":11.9280538559,\"38\":12.250169754,\"39\":12.250169754,\"40\":12.250169754,\"41\":12.250169754,\"42\":13.2190890312,\"43\":13.2190890312,\"44\":14.1028037071,\"45\":14.1028037071,\"46\":15.1560206413,\"47\":15.1560206413,\"48\":15.1560206413,\"49\":15.2686314583,\"50\":15.2686314583,\"51\":15.2686314583,\"52\":15.4389996529,\"53\":15.577214241,\"54\":15.9939594269,\"55\":16.6776275635,\"56\":16.6776275635,\"57\":16.6776275635,\"58\":17.6165761948,\"59\":18.4236717224,\"60\":19.0181713104,\"61\":19.0181713104,\"62\":19.0181713104,\"63\":19.2555265427,\"64\":19.2555265427,\"65\":19.4055643082,\"66\":19.4055643082,\"67\":19.4055643082,\"68\":19.4055643082,\"69\":19.4256258011,\"70\":19.4256258011,\"71\":19.4256258011,\"72\":19.7372360229,\"73\":19.7372360229,\"74\":19.8501338959,\"75\":19.8501338959,\"76\":20.2647123337,\"77\":20.2647123337,\"78\":21.1100416183,\"79\":21.7791109085,\"80\":21.9644813538,\"81\":22.6647596359,\"82\":22.6647596359,\"83\":23.0470628738,\"84\":23.0470628738,\"85\":23.0470628738,\"86\":23.4238758087,\"87\":23.4238758087,\"88\":23.4238758087,\"89\":24.1916942596,\"90\":24.1916942596,\"91\":24.1916942596,\"92\":24.1916942596,\"93\":24.1916942596,\"94\":24.844619751,\"95\":24.9136810303,\"96\":24.9136810303,\"97\":24.9136810303,\"98\":25.2412595749,\"99\":25.7766513824},\"mean\":{\"0\":0.0,\"1\":0.4809557682,\"2\":0.6751243883,\"3\":1.848341952,\"4\":2.2092813879,\"5\":2.2774870563,\"6\":2.6833242399,\"7\":3.0531603545,\"8\":3.0534714572,\"9\":3.4160163848,\"10\":4.1076178042,\"11\":5.1777149979,\"12\":5.1777149979,\"13\":5.8020842653,\"14\":5.9287117338,\"15\":6.7402318215,\"16\":7.462839248,\"17\":7.7123725579,\"18\":7.9590110133,\"19\":8.4970847772,\"20\":8.5193092303,\"21\":8.9388621041,\"22\":9.3587113205,\"23\":9.8707098334,\"24\":9.9953460901,\"25\":10.079441387,\"26\":10.3528867351,\"27\":10.637386037,\"28\":10.9466046154,\"29\":11.5567665016,\"30\":11.5866869461,\"31\":11.5866869461,\"32\":11.9989481562,\"33\":12.4527885144,\"34\":12.996428304,\"35\":13.0320507291,\"36\":13.3196417597,\"37\":13.4734232596,\"38\":13.6829085711,\"39\":13.8216553953,\"40\":13.8548669508,\"41\":14.0586935785,\"42\":14.360181196,\"43\":14.4745150974,\"44\":14.927148515,\"45\":14.927148515,\"46\":15.1169179165,\"47\":15.2393266118,\"48\":15.2922706807,\"49\":15.4999545372,\"50\":15.4999545372,\"51\":15.764865483,\"52\":15.9634421456,\"53\":16.2149620926,\"54\":16.3852402532,\"55\":16.5713604343,\"56\":16.9305286443,\"57\":17.1855359995,\"58\":17.6556331241,\"59\":18.1825532451,\"60\":18.3887750727,\"61\":18.6078670698,\"62\":18.6171949059,\"63\":19.0843626243,\"64\":19.2272744685,\"65\":19.4946573764,\"66\":19.5632806426,\"67\":19.6237084228,\"68\":19.6727945691,\"69\":19.9792077833,\"70\":20.0756787306,\"71\":20.1386352354,\"72\":20.4471281248,\"73\":20.6039339358,\"74\":20.9425478131,\"75\":20.9824826103,\"76\":21.3007528454,\"77\":21.3007528454,\"78\":21.4705757672,\"79\":21.5737115818,\"80\":21.7071152431,\"81\":22.0699624139,\"82\":22.0699624139,\"83\":22.3571001893,\"84\":22.4125080377,\"85\":22.4277465135,\"86\":22.8058339387,\"87\":22.9587328416,\"88\":22.9630507737,\"89\":23.0217729264,\"90\":23.2357786447,\"91\":23.2357786447,\"92\":23.37590514,\"93\":23.4468799287,\"94\":23.5532529908,\"95\":23.787753318,\"96\":23.8770457965,\"97\":23.9812222224,\"98\":24.1456217128,\"99\":24.6563612539},\"sem\":{\"0\":0.0,\"1\":0.2350176188,\"2\":0.2705456132,\"3\":0.5867841947,\"4\":0.6453639268,\"5\":0.6465400777,\"6\":0.6985499128,\"7\":0.7511959737,\"8\":0.7511832659,\"9\":0.8156681778,\"10\":0.8707433156,\"11\":0.9507313067,\"12\":0.9507313067,\"13\":1.0037635521,\"14\":1.0057082373,\"15\":1.0523201781,\"16\":1.0913270642,\"17\":1.1078124641,\"18\":1.1101364181,\"19\":1.1430263961,\"20\":1.1414734761,\"21\":1.1601569688,\"22\":1.1585564615,\"23\":1.1611935061,\"24\":1.1544948738,\"25\":1.155169348,\"26\":1.147509574,\"27\":1.15639663,\"28\":1.1714570796,\"29\":1.1790406478,\"30\":1.1806694388,\"31\":1.1806694388,\"32\":1.1805673234,\"33\":1.1823564188,\"34\":1.1607885545,\"35\":1.1637150311,\"36\":1.157457068,\"37\":1.149771944,\"38\":1.1605131778,\"39\":1.1610821265,\"40\":1.1616722201,\"41\":1.1794490674,\"42\":1.1854057295,\"43\":1.1783947681,\"44\":1.1818727492,\"45\":1.1818727492,\"46\":1.1841575854,\"47\":1.193782766,\"48\":1.1958262715,\"49\":1.1882193371,\"50\":1.1882193371,\"51\":1.1917391959,\"52\":1.1905367689,\"53\":1.205052649,\"54\":1.1951950536,\"55\":1.1877812792,\"56\":1.2181554958,\"57\":1.2091541794,\"58\":1.20639486,\"59\":1.2029719073,\"60\":1.1903821679,\"61\":1.1847994917,\"62\":1.1839059781,\"63\":1.1696652315,\"64\":1.1637875762,\"65\":1.1761448725,\"66\":1.1791067789,\"67\":1.1783770143,\"68\":1.1711200607,\"69\":1.1693434542,\"70\":1.1793891505,\"71\":1.1871211661,\"72\":1.1926296075,\"73\":1.1851748363,\"74\":1.1595276296,\"75\":1.1609291543,\"76\":1.1649542061,\"77\":1.1649542061,\"78\":1.1787852049,\"79\":1.1786548825,\"80\":1.1732043792,\"81\":1.1599793963,\"82\":1.1599793963,\"83\":1.1667090626,\"84\":1.1655393719,\"85\":1.1659871875,\"86\":1.1626443933,\"87\":1.1794021557,\"88\":1.1798744856,\"89\":1.1798963411,\"90\":1.1568491341,\"91\":1.1568491341,\"92\":1.1516823231,\"93\":1.1587149998,\"94\":1.1591145211,\"95\":1.1505725403,\"96\":1.1376033299,\"97\":1.1471910996,\"98\":1.1493338662,\"99\":1.1338794725}}"
    },
    "fit_time": [
        2.853101348876953,
        0.015745514644255686
    ],
    "gen_time": [
        0.3586791111854836,
        0.0021974926058958215
    ]
}
