{
    "__type": "AggregatedBenchmarkResult",
    "name": "Hartmann_50d|SOBOL_BASELINE_1650404262",
    "experiments": [],
    "optimization_trace": {
        "__type": "DataFrame",
        "value": "{\"median\":{\"0\":-0.0948244818,\"1\":-0.224798277,\"2\":-0.3657992482,\"3\":-0.4513851404,\"4\":-0.543743223,\"5\":-0.6179356873,\"6\":-0.6783159971,\"7\":-0.799012512,\"8\":-0.8408489227,\"9\":-0.8874165714,\"10\":-0.9481673837,\"11\":-1.0616434216,\"12\":-1.092753768,\"13\":-1.1653189063,\"14\":-1.1832051873,\"15\":-1.1951954961,\"16\":-1.2114796042,\"17\":-1.2153908014,\"18\":-1.2583673596,\"19\":-1.319809854,\"20\":-1.319809854,\"21\":-1.319809854,\"22\":-1.3225582838,\"23\":-1.3328252435,\"24\":-1.3328252435,\"25\":-1.3395049572,\"26\":-1.3395049572,\"27\":-1.3777288198,\"28\":-1.4195615649,\"29\":-1.4195615649,\"30\":-1.4626145959,\"31\":-1.4733541012,\"32\":-1.5253723264,\"33\":-1.5253723264,\"34\":-1.5447837114,\"35\":-1.5652258992,\"36\":-1.5652258992,\"37\":-1.5652258992,\"38\":-1.5652258992,\"39\":-1.5862524509,\"40\":-1.6338999867,\"41\":-1.6747012138,\"42\":-1.6809063554,\"43\":-1.7065345645,\"44\":-1.7065345645,\"45\":-1.7091515064,\"46\":-1.7091515064,\"47\":-1.7091515064,\"48\":-1.7239334583,\"49\":-1.734405458,\"50\":-1.734405458,\"51\":-1.734405458,\"52\":-1.7411373258,\"53\":-1.7411373258,\"54\":-1.750967741,\"55\":-1.750967741,\"56\":-1.750967741,\"57\":-1.7575772405,\"58\":-1.7653059959,\"59\":-1.7910712957,\"60\":-1.7910712957,\"61\":-1.7910712957,\"62\":-1.7910712957,\"63\":-1.7910712957,\"64\":-1.8129526377,\"65\":-1.8129526377,\"66\":-1.8129526377,\"67\":-1.8129526377,\"68\":-1.8129526377,\"69\":-1.8510673642,\"70\":-1.8510673642,\"71\":-1.8751515746,\"72\":-1.8765948415,\"73\":-1.8893128037,\"74\":-1.8893128037,\"75\":-1.8893128037,\"76\":-1.8893128037,\"77\":-1.8893128037,\"78\":-1.9073534012,\"79\":-1.925014317,\"80\":-1.925014317,\"81\":-1.925014317,\"82\":-1.925014317,\"83\":-1.925014317,\"84\":-1.925014317,\"85\":-1.925014317,\"86\":-1.9274532795,\"87\":-1.9274532795,\"88\":-1.9274532795,\"89\":-1.9424396157,\"90\":-1.9424396157,\"91\":-1.9424396157,\"92\":-1.9424396157,\"93\":-1.9539708495,\"94\":-1.9977526665,\"95\":-1.9977526665,\"96\":-1.9977526665,\"97\":-1.9977526665,\"98\":-1.9977526665,\"99\":-1.9977526665},\"mean\":{\"0\":-0.272368158,\"1\":-0.3966269819,\"2\":-0.5171800084,\"3\":-0.5833398379,\"4\":-0.6481407857,\"5\":-0.7901653613,\"6\":-0.8645141309,\"7\":-0.9390212236,\"8\":-0.9987291093,\"9\":-1.0428132822,\"10\":-1.0862150642,\"11\":-1.1545382199,\"12\":-1.1913091607,\"13\":-1.2545111959,\"14\":-1.2688450493,\"15\":-1.2813848944,\"16\":-1.3181881675,\"17\":-1.3405613029,\"18\":-1.3770038182,\"19\":-1.411861971,\"20\":-1.43754208,\"21\":-1.4519230887,\"22\":-1.4555564973,\"23\":-1.4744651017,\"24\":-1.4826638392,\"25\":-1.5025079367,\"26\":-1.5108776727,\"27\":-1.5337431696,\"28\":-1.5409178725,\"29\":-1.5454227304,\"30\":-1.5691542339,\"31\":-1.5756913024,\"32\":-1.5959552234,\"33\":-1.6022921824,\"34\":-1.6141806293,\"35\":-1.6302795571,\"36\":-1.6302795571,\"37\":-1.6302795571,\"38\":-1.6356848007,\"39\":-1.6436587971,\"40\":-1.651992467,\"41\":-1.6632556111,\"42\":-1.6733855236,\"43\":-1.7161195838,\"44\":-1.718481046,\"45\":-1.7343091333,\"46\":-1.7392327559,\"47\":-1.7437787855,\"48\":-1.7600928843,\"49\":-1.7615198123,\"50\":-1.7618704641,\"51\":-1.7690711886,\"52\":-1.7862347168,\"53\":-1.7874842614,\"54\":-1.7960116714,\"55\":-1.7965994614,\"56\":-1.7970793885,\"57\":-1.8031001729,\"58\":-1.8079414731,\"59\":-1.8194116312,\"60\":-1.8240789086,\"61\":-1.8259234756,\"62\":-1.8311175746,\"63\":-1.8311175746,\"64\":-1.8398093349,\"65\":-1.8441612506,\"66\":-1.8441612506,\"67\":-1.8459215963,\"68\":-1.8523974073,\"69\":-1.866021421,\"70\":-1.8763734233,\"71\":-1.8845869994,\"72\":-1.9032210922,\"73\":-1.9121968853,\"74\":-1.9139404392,\"75\":-1.9162679577,\"76\":-1.9162679577,\"77\":-1.9162679577,\"78\":-1.9251958692,\"79\":-1.9349712253,\"80\":-1.9349712253,\"81\":-1.9384898674,\"82\":-1.9390314603,\"83\":-1.9390314603,\"84\":-1.9421616435,\"85\":-1.9452278733,\"86\":-1.9566326797,\"87\":-1.9566326797,\"88\":-1.9566326797,\"89\":-1.9667324841,\"90\":-1.9667324841,\"91\":-1.9667324841,\"92\":-1.9695701563,\"93\":-1.9842643917,\"94\":-1.9926702237,\"95\":-1.9982630932,\"96\":-2.0005003631,\"97\":-2.0046692979,\"98\":-2.0046692979,\"99\":-2.0046692979},\"sem\":{\"0\":0.0392350418,\"1\":0.0463405916,\"2\":0.0505655567,\"3\":0.0496661348,\"4\":0.0487556291,\"5\":0.0610454401,\"6\":0.0643405033,\"7\":0.06600557,\"8\":0.0660091919,\"9\":0.066303387,\"10\":0.0655631779,\"11\":0.065385547,\"12\":0.0649353751,\"13\":0.0630019364,\"14\":0.0626597467,\"15\":0.0616933255,\"16\":0.0604156268,\"17\":0.0586917203,\"18\":0.0609665061,\"19\":0.0607006169,\"20\":0.0605868144,\"21\":0.0609234371,\"22\":0.060702126,\"23\":0.0598068433,\"24\":0.0602129716,\"25\":0.0598368761,\"26\":0.0594063547,\"27\":0.0595261773,\"28\":0.0593712351,\"29\":0.0590011218,\"30\":0.0571160927,\"31\":0.0566771426,\"32\":0.0564494876,\"33\":0.055933424,\"34\":0.0554002141,\"35\":0.0549401001,\"36\":0.0549401001,\"37\":0.0549401001,\"38\":0.0546022039,\"39\":0.0541443816,\"40\":0.0535893635,\"41\":0.0527116964,\"42\":0.0519859412,\"43\":0.0513473586,\"44\":0.051046646,\"45\":0.0502619663,\"46\":0.0503249515,\"47\":0.0499270219,\"48\":0.050029136,\"49\":0.0498745682,\"50\":0.0498354562,\"51\":0.0488986846,\"52\":0.0496542154,\"53\":0.0495875417,\"54\":0.0494206223,\"55\":0.0494740817,\"56\":0.049426451,\"57\":0.0491406166,\"58\":0.0489446837,\"59\":0.0487674169,\"60\":0.0483755455,\"61\":0.048116258,\"62\":0.0485066305,\"63\":0.0485066305,\"64\":0.0486129575,\"65\":0.0478643938,\"66\":0.0478643938,\"67\":0.0476285385,\"68\":0.0473106301,\"69\":0.0472017085,\"70\":0.0478374951,\"71\":0.047898462,\"72\":0.047897976,\"73\":0.0475829253,\"74\":0.0474853914,\"75\":0.0474226868,\"76\":0.0474226868,\"77\":0.0474226868,\"78\":0.0469569236,\"79\":0.0461772951,\"80\":0.0461772951,\"81\":0.0458830587,\"82\":0.0458554032,\"83\":0.0458554032,\"84\":0.0461349907,\"85\":0.0461060523,\"86\":0.0452099352,\"87\":0.0452099352,\"88\":0.0452099352,\"89\":0.045205056,\"90\":0.045205056,\"91\":0.045205056,\"92\":0.0449499565,\"93\":0.0454858036,\"94\":0.0458645857,\"95\":0.0453835599,\"96\":0.0456151677,\"97\":0.0450484798,\"98\":0.0450484798,\"99\":0.0450484798}}"
    },
    "fit_time": [
        3.2057241106033327,
        0.01557995838753141
    ],
    "gen_time": [
        0.43513125223107635,
        0.0018021831455838507
    ]
}
