{
    "__type": "AggregatedBenchmarkResult",
    "name": "HPO_PyTorchCNN_Torchvision::FashionMNIST|SOBOL_BASELINE_1650293655",
    "experiments": [],
    "optimization_trace": {
        "__type": "DataFrame",
        "value": "{\"median\":{\"0\":0.1,\"1\":0.1,\"2\":0.1,\"3\":0.1,\"4\":0.1,\"5\":0.1,\"6\":0.1,\"7\":0.1,\"8\":0.1,\"9\":0.1018,\"10\":0.10625,\"11\":0.11685,\"12\":0.1337,\"13\":0.158,\"14\":0.1681,\"15\":0.17055,\"16\":0.18365,\"17\":0.18955,\"18\":0.18955,\"19\":0.19545,\"20\":0.1998,\"21\":0.20345,\"22\":0.21035,\"23\":0.2121,\"24\":0.2121,\"25\":0.2193,\"26\":0.22695,\"27\":0.23825,\"28\":0.24185,\"29\":0.24185,\"30\":0.2735,\"31\":0.281,\"32\":0.281,\"33\":0.28275,\"34\":0.29745,\"35\":0.32205,\"36\":0.32205,\"37\":0.3393,\"38\":0.35655,\"39\":0.35655,\"40\":0.35655,\"41\":0.35655,\"42\":0.37925,\"43\":0.41735,\"44\":0.41735,\"45\":0.44535,\"46\":0.4579,\"47\":0.47825,\"48\":0.47825,\"49\":0.50565,\"50\":0.51565,\"51\":0.52115,\"52\":0.52115,\"53\":0.5257,\"54\":0.5257,\"55\":0.5333,\"56\":0.5421,\"57\":0.5447,\"58\":0.5463,\"59\":0.54675,\"60\":0.5481,\"61\":0.55055,\"62\":0.55055,\"63\":0.55755,\"64\":0.5666,\"65\":0.56785,\"66\":0.5704,\"67\":0.57355,\"68\":0.57355,\"69\":0.5753,\"70\":0.5757,\"71\":0.5757,\"72\":0.5757,\"73\":0.5757,\"74\":0.5757,\"75\":0.5769,\"76\":0.5785,\"77\":0.5785,\"78\":0.5785,\"79\":0.5795,\"80\":0.5795,\"81\":0.5795,\"82\":0.5795,\"83\":0.58055,\"84\":0.5865,\"85\":0.5865,\"86\":0.5878,\"87\":0.5878,\"88\":0.5878,\"89\":0.5889,\"90\":0.59615,\"91\":0.60365,\"92\":0.60365,\"93\":0.60365,\"94\":0.60365,\"95\":0.6097,\"96\":0.6097,\"97\":0.6097,\"98\":0.61005,\"99\":0.61005},\"mean\":{\"0\":0.107524,\"1\":0.113011,\"2\":0.117768,\"3\":0.137795,\"4\":0.140605,\"5\":0.14652,\"6\":0.152092,\"7\":0.153522,\"8\":0.162272,\"9\":0.172777,\"10\":0.189701,\"11\":0.215244,\"12\":0.229722,\"13\":0.232523,\"14\":0.239341,\"15\":0.243123,\"16\":0.260705,\"17\":0.278672,\"18\":0.278854,\"19\":0.292155,\"20\":0.301498,\"21\":0.303506,\"22\":0.30569,\"23\":0.306362,\"24\":0.306362,\"25\":0.31078,\"26\":0.313843,\"27\":0.321665,\"28\":0.325659,\"29\":0.327403,\"30\":0.341891,\"31\":0.345857,\"32\":0.34849,\"33\":0.349448,\"34\":0.35167,\"35\":0.358033,\"36\":0.361194,\"37\":0.364868,\"38\":0.373459,\"39\":0.373459,\"40\":0.373459,\"41\":0.374708,\"42\":0.387815,\"43\":0.395196,\"44\":0.396617,\"45\":0.399121,\"46\":0.402311,\"47\":0.408577,\"48\":0.411614,\"49\":0.418981,\"50\":0.427924,\"51\":0.430873,\"52\":0.431015,\"53\":0.44499,\"54\":0.445328,\"55\":0.458161,\"56\":0.46174,\"57\":0.470881,\"58\":0.471613,\"59\":0.481034,\"60\":0.4883,\"61\":0.489044,\"62\":0.49232,\"63\":0.504968,\"64\":0.517859,\"65\":0.521639,\"66\":0.528044,\"67\":0.530059,\"68\":0.53152,\"69\":0.53816,\"70\":0.538781,\"71\":0.538781,\"72\":0.539454,\"73\":0.540154,\"74\":0.540307,\"75\":0.541903,\"76\":0.543266,\"77\":0.543266,\"78\":0.543266,\"79\":0.547483,\"80\":0.548481,\"81\":0.548481,\"82\":0.549044,\"83\":0.552186,\"84\":0.562209,\"85\":0.563533,\"86\":0.569119,\"87\":0.573102,\"88\":0.573102,\"89\":0.574608,\"90\":0.577508,\"91\":0.579382,\"92\":0.579382,\"93\":0.579382,\"94\":0.579382,\"95\":0.582356,\"96\":0.587131,\"97\":0.590691,\"98\":0.592098,\"99\":0.592797},\"sem\":{\"0\":0.0060621579,\"1\":0.0064993247,\"2\":0.0070555215,\"3\":0.0109174311,\"4\":0.0110927262,\"5\":0.0110822591,\"6\":0.0114919935,\"7\":0.0115402539,\"8\":0.0124269807,\"9\":0.0132780931,\"10\":0.0147192499,\"11\":0.0176739101,\"12\":0.0189090479,\"13\":0.0188187504,\"14\":0.0189664656,\"15\":0.0189059507,\"16\":0.0195886675,\"17\":0.0202922818,\"18\":0.0202769053,\"19\":0.020396165,\"20\":0.0205667946,\"21\":0.0206015783,\"22\":0.0205551164,\"23\":0.0205108025,\"24\":0.0205108025,\"25\":0.0204872303,\"26\":0.0204454726,\"27\":0.0204449775,\"28\":0.0203396224,\"29\":0.0201999296,\"30\":0.0201698607,\"31\":0.0201741783,\"32\":0.0203076604,\"33\":0.0202529938,\"34\":0.0202079418,\"35\":0.0202848889,\"36\":0.0206296387,\"37\":0.0206217256,\"38\":0.0206126462,\"39\":0.0206126462,\"40\":0.0206126462,\"41\":0.0204827044,\"42\":0.020576227,\"43\":0.0204912784,\"44\":0.0206838043,\"45\":0.0206391426,\"46\":0.0207792183,\"47\":0.0207153645,\"48\":0.020675578,\"49\":0.0209120355,\"50\":0.0209042021,\"51\":0.0208892251,\"52\":0.0208994643,\"53\":0.0206891109,\"54\":0.0206443485,\"55\":0.0201230466,\"56\":0.0200788944,\"57\":0.0197713259,\"58\":0.0197984428,\"59\":0.0192940025,\"60\":0.0191556825,\"61\":0.0191753387,\"62\":0.018976051,\"63\":0.0189211704,\"64\":0.0186694195,\"65\":0.0184688394,\"66\":0.0179560299,\"67\":0.0180849005,\"68\":0.0177963071,\"69\":0.0175678391,\"70\":0.0175799973,\"71\":0.0175799973,\"72\":0.0174648638,\"73\":0.0173063717,\"74\":0.0172676992,\"75\":0.0173000037,\"76\":0.0173324947,\"77\":0.0173324947,\"78\":0.0173324947,\"79\":0.017706858,\"80\":0.017685449,\"81\":0.017685449,\"82\":0.0176707759,\"83\":0.0178870369,\"84\":0.0176152785,\"85\":0.0177029989,\"86\":0.0172398605,\"87\":0.0168005236,\"88\":0.0168005236,\"89\":0.0168487558,\"90\":0.0165488455,\"91\":0.0166139793,\"92\":0.0166139793,\"93\":0.0166139793,\"94\":0.0166139793,\"95\":0.0167067797,\"96\":0.0161106918,\"97\":0.0157508082,\"98\":0.0157995977,\"99\":0.0156524714}}"
    },
    "fit_time": [
        2.228915958404541,
        0.04985408353937597
    ],
    "gen_time": [
        0.19300081288383808,
        0.010364870053888276
    ]
}
