{
    "__type": "AggregatedBenchmarkResult",
    "name": "HPO_PyTorchCNN_Torchvision::MNIST|SOBOL_BASELINE_1650250692",
    "experiments": [],
    "optimization_trace": {
        "__type": "DataFrame",
        "value": "{\"median\":{\"0\":0.10925,\"1\":0.1135,\"2\":0.1135,\"3\":0.1135,\"4\":0.1135,\"5\":0.1135,\"6\":0.1135,\"7\":0.1135,\"8\":0.1135,\"9\":0.1135,\"10\":0.1135,\"11\":0.11885,\"12\":0.13135,\"13\":0.13135,\"14\":0.1353,\"15\":0.18545,\"16\":0.18645,\"17\":0.19165,\"18\":0.19745,\"19\":0.2023,\"20\":0.2047,\"21\":0.21035,\"22\":0.21695,\"23\":0.2219,\"24\":0.24725,\"25\":0.26465,\"26\":0.26575,\"27\":0.26575,\"28\":0.27125,\"29\":0.2804,\"30\":0.2804,\"31\":0.31635,\"32\":0.33245,\"33\":0.35745,\"34\":0.35745,\"35\":0.4591,\"36\":0.46855,\"37\":0.4965,\"38\":0.5425,\"39\":0.5425,\"40\":0.5727,\"41\":0.58285,\"42\":0.58285,\"43\":0.59055,\"44\":0.59055,\"45\":0.59055,\"46\":0.6085,\"47\":0.623,\"48\":0.6321,\"49\":0.6321,\"50\":0.65285,\"51\":0.6695,\"52\":0.68945,\"53\":0.6974,\"54\":0.7064,\"55\":0.7131,\"56\":0.7131,\"57\":0.7131,\"58\":0.7131,\"59\":0.7174,\"60\":0.73595,\"61\":0.73595,\"62\":0.75415,\"63\":0.7561,\"64\":0.7561,\"65\":0.7582,\"66\":0.7582,\"67\":0.7582,\"68\":0.7582,\"69\":0.7582,\"70\":0.7601,\"71\":0.7601,\"72\":0.7601,\"73\":0.7675,\"74\":0.7675,\"75\":0.7783,\"76\":0.7783,\"77\":0.7867,\"78\":0.78805,\"79\":0.78805,\"80\":0.78805,\"81\":0.78805,\"82\":0.78805,\"83\":0.78805,\"84\":0.78805,\"85\":0.78805,\"86\":0.78805,\"87\":0.79895,\"88\":0.79895,\"89\":0.79895,\"90\":0.79895,\"91\":0.79895,\"92\":0.79895,\"93\":0.79895,\"94\":0.80585,\"95\":0.80585,\"96\":0.8096,\"97\":0.8096,\"98\":0.8096,\"99\":0.8096},\"mean\":{\"0\":0.111997,\"1\":0.13768,\"2\":0.156231,\"3\":0.187791,\"4\":0.200755,\"5\":0.206198,\"6\":0.208183,\"7\":0.219609,\"8\":0.223913,\"9\":0.227184,\"10\":0.229302,\"11\":0.258208,\"12\":0.276752,\"13\":0.283532,\"14\":0.287326,\"15\":0.307243,\"16\":0.309055,\"17\":0.315535,\"18\":0.326869,\"19\":0.335569,\"20\":0.336748,\"21\":0.349527,\"22\":0.351527,\"23\":0.364343,\"24\":0.377646,\"25\":0.395137,\"26\":0.398933,\"27\":0.399405,\"28\":0.404648,\"29\":0.408885,\"30\":0.409827,\"31\":0.436669,\"32\":0.456107,\"33\":0.468825,\"34\":0.469973,\"35\":0.490575,\"36\":0.498297,\"37\":0.508823,\"38\":0.515039,\"39\":0.519119,\"40\":0.524195,\"41\":0.535044,\"42\":0.536328,\"43\":0.548188,\"44\":0.548954,\"45\":0.548954,\"46\":0.558487,\"47\":0.562538,\"48\":0.572777,\"49\":0.576176,\"50\":0.582628,\"51\":0.591259,\"52\":0.60171,\"53\":0.607924,\"54\":0.61267,\"55\":0.619509,\"56\":0.619509,\"57\":0.619673,\"58\":0.624574,\"59\":0.629521,\"60\":0.638889,\"61\":0.641469,\"62\":0.647532,\"63\":0.657666,\"64\":0.658142,\"65\":0.659348,\"66\":0.664494,\"67\":0.667649,\"68\":0.667649,\"69\":0.667649,\"70\":0.672243,\"71\":0.674973,\"72\":0.674973,\"73\":0.68239,\"74\":0.68239,\"75\":0.686303,\"76\":0.68852,\"77\":0.695545,\"78\":0.697068,\"79\":0.6972,\"80\":0.697442,\"81\":0.697442,\"82\":0.707465,\"83\":0.708479,\"84\":0.709618,\"85\":0.710096,\"86\":0.710096,\"87\":0.712416,\"88\":0.712416,\"89\":0.716937,\"90\":0.720653,\"91\":0.722019,\"92\":0.723241,\"93\":0.723241,\"94\":0.731965,\"95\":0.731965,\"96\":0.735098,\"97\":0.735098,\"98\":0.735947,\"99\":0.736529},\"sem\":{\"0\":0.0028764251,\"1\":0.0123145319,\"2\":0.0153962952,\"3\":0.0204801864,\"4\":0.0216928831,\"5\":0.0217169482,\"6\":0.0216718036,\"7\":0.0227463455,\"8\":0.0227233591,\"9\":0.0227110735,\"10\":0.0226556015,\"11\":0.0248483052,\"12\":0.0261523134,\"13\":0.0266601738,\"14\":0.0265300315,\"15\":0.0269346561,\"16\":0.026832998,\"17\":0.0271819441,\"18\":0.0282261372,\"19\":0.028410789,\"20\":0.0283382819,\"21\":0.0284132713,\"22\":0.0282976369,\"23\":0.0286014939,\"24\":0.0284116127,\"25\":0.028921068,\"26\":0.0290950723,\"27\":0.0290600218,\"28\":0.0289165684,\"29\":0.0286995586,\"30\":0.0286169663,\"31\":0.029172965,\"32\":0.0296112252,\"33\":0.0299188124,\"34\":0.0298295786,\"35\":0.0298145944,\"36\":0.0297088415,\"37\":0.0295672579,\"38\":0.0294109093,\"39\":0.0290612088,\"40\":0.0291565769,\"41\":0.0293327956,\"42\":0.029212948,\"43\":0.0290442388,\"44\":0.0290803745,\"45\":0.0290803745,\"46\":0.0288501951,\"47\":0.028593242,\"48\":0.028264535,\"49\":0.0280836676,\"50\":0.0277371714,\"51\":0.027542836,\"52\":0.0276169248,\"53\":0.0273453149,\"54\":0.027110287,\"55\":0.0272742714,\"56\":0.0272742714,\"57\":0.0272440141,\"58\":0.02693928,\"59\":0.0267804031,\"60\":0.0265302448,\"61\":0.026400596,\"62\":0.0265576523,\"63\":0.0260572178,\"64\":0.0260062951,\"65\":0.0260478364,\"66\":0.0255961556,\"67\":0.0252231306,\"68\":0.0252231306,\"69\":0.0252231306,\"70\":0.0250182754,\"71\":0.0248516718,\"72\":0.0248516718,\"73\":0.0244339143,\"74\":0.0244339143,\"75\":0.0242392186,\"76\":0.0240540369,\"77\":0.0233609561,\"78\":0.0234706356,\"79\":0.0234834802,\"80\":0.023490753,\"81\":0.023490753,\"82\":0.0223375596,\"83\":0.0222468011,\"84\":0.0223271778,\"85\":0.0223506596,\"86\":0.0223506596,\"87\":0.0224750452,\"88\":0.0224750452,\"89\":0.021996052,\"90\":0.0214374398,\"91\":0.0212025531,\"92\":0.0210979595,\"93\":0.0210979595,\"94\":0.0205940329,\"95\":0.0205940329,\"96\":0.0206296771,\"97\":0.0206296771,\"98\":0.0206863537,\"99\":0.0206349264}}"
    },
    "fit_time": [
        2.592710185050964,
        0.06607956279295531
    ],
    "gen_time": [
        0.2792521435397066,
        0.020075580536743538
    ]
}
