{
    "__type": "AggregatedBenchmarkResult",
    "name": "Ackley|SOBOL_BASELINE_1649365342",
    "experiments": [],
    "optimization_trace": {
        "__type": "DataFrame",
        "value": "{\"mean\":{\"0\":20.123661356,\"1\":19.0719221687,\"2\":18.5208219242,\"3\":17.8313353729,\"4\":17.3790221024,\"5\":16.976967144,\"6\":16.7452584171,\"7\":16.2585529423,\"8\":16.018786726,\"9\":15.7923739433,\"10\":15.5139067936,\"11\":15.0216483688,\"12\":14.8292585659,\"13\":14.616494112,\"14\":14.4631562805,\"15\":14.2756131458,\"16\":14.0893432045,\"17\":13.9321080685,\"18\":13.6132104492,\"19\":13.469664135,\"20\":13.4509882927,\"21\":13.3968682098,\"22\":13.252510004,\"23\":13.1061643124,\"24\":12.6843651962,\"25\":12.4378460217,\"26\":12.3801920986,\"27\":12.3484136105,\"28\":12.2609836197,\"29\":12.1286227608,\"30\":12.019020586,\"31\":12.019020586,\"32\":11.9158175278,\"33\":11.9158175278,\"34\":11.8311900234,\"35\":11.7966491508,\"36\":11.6264104176,\"37\":11.4961860752,\"38\":11.4633206749,\"39\":11.4633206749,\"40\":11.4633206749,\"41\":11.4604763222,\"42\":11.41141922,\"43\":11.41141922,\"44\":11.401337862,\"45\":11.3610875988,\"46\":11.2712579155,\"47\":11.2380512428,\"48\":11.1696179295,\"49\":11.0763483334,\"50\":10.9956163788,\"51\":10.9715714931,\"52\":10.8733869839,\"53\":10.8715419769,\"54\":10.8474044991,\"55\":10.7964694691,\"56\":10.6435730934,\"57\":10.5360799885,\"58\":10.4921925163,\"59\":10.4203371239,\"60\":10.418122921,\"61\":10.3839122105,\"62\":10.2524300385,\"63\":10.1092960358,\"64\":10.1035665035,\"65\":10.095715332,\"66\":10.095715332,\"67\":10.0905603218,\"68\":10.0905106163,\"69\":10.0444158649,\"70\":9.9934890652,\"71\":9.8276505375,\"72\":9.7399964046,\"73\":9.711248436,\"74\":9.6647106743,\"75\":9.6015589523,\"76\":9.5143873119,\"77\":9.4840366745,\"78\":9.3984187794,\"79\":9.3258695889,\"80\":9.3258695889,\"81\":9.3004405117,\"82\":9.2989581871,\"83\":9.2270040512,\"84\":9.152299366,\"85\":9.1120258904,\"86\":9.1120258904,\"87\":9.1120258904,\"88\":9.0672114277,\"89\":9.0672114277,\"90\":9.0672114277,\"91\":9.0177992821,\"92\":8.9752810001,\"93\":8.9318078613,\"94\":8.9318078613,\"95\":8.9318078613,\"96\":8.8413745308,\"97\":8.8413745308,\"98\":8.7792702103,\"99\":8.7513370609},\"sem\":{\"0\":0.2076480084,\"1\":0.2708632129,\"2\":0.2689269196,\"3\":0.3176427774,\"4\":0.3202530259,\"5\":0.325593972,\"6\":0.3284821756,\"7\":0.3684395526,\"8\":0.3654120182,\"9\":0.3735229675,\"10\":0.3683613085,\"11\":0.3715868365,\"12\":0.38408086,\"13\":0.3773466121,\"14\":0.3737621195,\"15\":0.3639909134,\"16\":0.3646655707,\"17\":0.3841083716,\"18\":0.3826851445,\"19\":0.3909847586,\"20\":0.3891522712,\"21\":0.3885553101,\"22\":0.3952934028,\"23\":0.3925878708,\"24\":0.3931323381,\"25\":0.3877753424,\"26\":0.379159829,\"27\":0.3752373261,\"28\":0.3689148278,\"29\":0.3675193844,\"30\":0.3700370576,\"31\":0.3700370576,\"32\":0.3693181965,\"33\":0.3693181965,\"34\":0.3689601848,\"35\":0.3647659961,\"36\":0.3658962686,\"37\":0.3604381462,\"38\":0.3610744739,\"39\":0.3610744739,\"40\":0.3610744739,\"41\":0.3608205168,\"42\":0.3590344815,\"43\":0.3590344815,\"44\":0.3602882465,\"45\":0.3603637296,\"46\":0.3657836122,\"47\":0.3627164476,\"48\":0.360014576,\"49\":0.3528189649,\"50\":0.3483173766,\"51\":0.3453298413,\"52\":0.3451502227,\"53\":0.3449264957,\"54\":0.3414292493,\"55\":0.3360748137,\"56\":0.3438589809,\"57\":0.330871506,\"58\":0.32940594,\"59\":0.3327722644,\"60\":0.332858888,\"61\":0.3299320577,\"62\":0.3304658285,\"63\":0.3292725844,\"64\":0.3293550415,\"65\":0.32836603,\"66\":0.32836603,\"67\":0.3289877595,\"68\":0.3289803651,\"69\":0.3235570557,\"70\":0.3224929543,\"71\":0.3176213595,\"72\":0.3162458859,\"73\":0.3115871813,\"74\":0.3071528461,\"75\":0.3085721569,\"76\":0.3033547098,\"77\":0.3005131224,\"78\":0.2995437168,\"79\":0.2987031171,\"80\":0.2987031171,\"81\":0.2986082056,\"82\":0.2985079038,\"83\":0.2989513673,\"84\":0.2968793392,\"85\":0.2932083543,\"86\":0.2932083543,\"87\":0.2932083543,\"88\":0.2905220291,\"89\":0.2905220291,\"90\":0.2905220291,\"91\":0.2922083749,\"92\":0.2896424045,\"93\":0.2822638122,\"94\":0.2822638122,\"95\":0.2822638122,\"96\":0.2730889563,\"97\":0.2730889563,\"98\":0.2749377631,\"99\":0.2745762538}}"
    },
    "fit_time": [
        3.084898328781128,
        0.2230691589939721
    ],
    "gen_time": [
        0.158289266951615,
        0.01157655188772599
    ]
}
