{
    "__type": "AggregatedBenchmarkResult",
    "name": "Branin|SOBOL_BASELINE_1649365339",
    "experiments": [],
    "optimization_trace": {
        "__type": "DataFrame",
        "value": "{\"mean\":{\"0\":62.7048107004,\"1\":27.3632621479,\"2\":16.8339949226,\"3\":12.6440630341,\"4\":11.2399485159,\"5\":8.592295351,\"6\":7.3614335537,\"7\":6.894905467,\"8\":6.1700612211,\"9\":5.9684161806,\"10\":5.4065021467,\"11\":4.7803059578,\"12\":4.4670413017,\"13\":4.0673969793,\"14\":3.9981666279,\"15\":3.7841242123,\"16\":3.3913087082,\"17\":3.2739231348,\"18\":3.2329372025,\"19\":3.0290517139,\"20\":2.9740207624,\"21\":2.8888518238,\"22\":2.6510021257,\"23\":2.5742446518,\"24\":2.4381404686,\"25\":2.3706877184,\"26\":2.3604795313,\"27\":2.3366725683,\"28\":2.2131699324,\"29\":2.1490245628,\"30\":2.0617272329,\"31\":1.9888570976,\"32\":1.964445591,\"33\":1.9378236723,\"34\":1.9054800606,\"35\":1.8970407009,\"36\":1.8700586128,\"37\":1.838605504,\"38\":1.8348826408,\"39\":1.8234657288,\"40\":1.8111908817,\"41\":1.7842916012,\"42\":1.7504873943,\"43\":1.6295777464,\"44\":1.5734829378,\"45\":1.4896187544,\"46\":1.4250588751,\"47\":1.4249936724,\"48\":1.3881698895,\"49\":1.3870392227,\"50\":1.3609734583,\"51\":1.3044687843,\"52\":1.2981224012,\"53\":1.2846702766,\"54\":1.2846702766,\"55\":1.2762376404,\"56\":1.2428572559,\"57\":1.2181016207,\"58\":1.193624053,\"59\":1.190091157,\"60\":1.190091157,\"61\":1.1853353834,\"62\":1.181851449,\"63\":1.176067481,\"64\":1.176067481,\"65\":1.1686402464,\"66\":1.168087039,\"67\":1.1539844894,\"68\":1.1449840641,\"69\":1.1449840641,\"70\":1.1246541262,\"71\":1.1246541262,\"72\":1.1149999762,\"73\":1.09953722,\"74\":1.09953722,\"75\":1.09953722,\"76\":1.081469965,\"77\":1.0662271833,\"78\":1.0662271833,\"79\":1.0662271833,\"80\":1.0498194933,\"81\":1.0481655645,\"82\":1.0481655645,\"83\":1.0481351805,\"84\":1.0339196062,\"85\":1.0261828661,\"86\":1.0139003563,\"87\":1.0078810978,\"88\":1.0078810978,\"89\":0.997933445,\"90\":0.9953447437,\"91\":0.9911154556,\"92\":0.9904319859,\"93\":0.9755621958,\"94\":0.9755621958,\"95\":0.9755621958,\"96\":0.97501719,\"97\":0.9712090683,\"98\":0.9667734241,\"99\":0.9495389032},\"sem\":{\"0\":5.7378368276,\"1\":3.344822455,\"2\":1.5854209438,\"3\":1.2529723519,\"4\":1.0640522734,\"5\":0.7727701112,\"6\":0.6574557003,\"7\":0.6286778803,\"8\":0.5944380199,\"9\":0.5877154496,\"10\":0.4871126434,\"11\":0.4240931559,\"12\":0.3920840276,\"13\":0.3244789168,\"14\":0.3265029771,\"15\":0.3038970194,\"16\":0.2942092877,\"17\":0.2757753931,\"18\":0.2740347783,\"19\":0.2538020654,\"20\":0.2459717978,\"21\":0.242129532,\"22\":0.2324740832,\"23\":0.2254277939,\"24\":0.2053479042,\"25\":0.2000255659,\"26\":0.198876667,\"27\":0.1954870576,\"28\":0.1885633137,\"29\":0.1807501599,\"30\":0.1721049198,\"31\":0.1709516854,\"32\":0.1702159998,\"33\":0.163985501,\"34\":0.163774619,\"35\":0.1642593365,\"36\":0.1566836657,\"37\":0.1557667734,\"38\":0.1557474213,\"39\":0.1558899455,\"40\":0.1557392071,\"41\":0.1558444107,\"42\":0.1541008148,\"43\":0.134383126,\"44\":0.1257286034,\"45\":0.1090348644,\"46\":0.1006583751,\"47\":0.1006628487,\"48\":0.0987407145,\"49\":0.0988223524,\"50\":0.0987816098,\"51\":0.0928465369,\"52\":0.0908430412,\"53\":0.0902965461,\"54\":0.0902965461,\"55\":0.0906198349,\"56\":0.0882116084,\"57\":0.083114828,\"58\":0.0803554661,\"59\":0.0796610795,\"60\":0.0796610795,\"61\":0.079381791,\"62\":0.0792344363,\"63\":0.0795788094,\"64\":0.0795788094,\"65\":0.0798236272,\"66\":0.0797861851,\"67\":0.0763033151,\"68\":0.0757203941,\"69\":0.0757203941,\"70\":0.0737557799,\"71\":0.0737557799,\"72\":0.0739994396,\"73\":0.0727326935,\"74\":0.0727326935,\"75\":0.0727326935,\"76\":0.0700853915,\"77\":0.0691922879,\"78\":0.0691922879,\"79\":0.0691922879,\"80\":0.0682012979,\"81\":0.0682864666,\"82\":0.0682864666,\"83\":0.0682876846,\"84\":0.0686194488,\"85\":0.0686797085,\"86\":0.0643606291,\"87\":0.0646656393,\"88\":0.0646656393,\"89\":0.0648512775,\"90\":0.0649339742,\"91\":0.0646620936,\"92\":0.0647061839,\"93\":0.0634070906,\"94\":0.0634070906,\"95\":0.0634070906,\"96\":0.0634307487,\"97\":0.0628609135,\"98\":0.0628416451,\"99\":0.0613155462}}"
    },
    "fit_time": [
        2.543263440132141,
        0.02390711935145805
    ],
    "gen_time": [
        0.1311250926903449,
        0.002869958481896347
    ]
}
