{
    "__type": "AggregatedBenchmarkResult",
    "name": "Jenatton|SOBOL_BASELINE_1650936285",
    "experiments": [],
    "optimization_trace": {
        "__type": "DataFrame",
        "value": "{\"median\":{\"0\":1.2413452972,\"1\":0.7398639695,\"2\":0.5698115149,\"3\":0.5437616496,\"4\":0.4776987039,\"5\":0.4683313816,\"6\":0.4120461205,\"7\":0.3871832414,\"8\":0.3699234661,\"9\":0.3489643485,\"10\":0.3274495645,\"11\":0.3239557666,\"12\":0.3161731833,\"13\":0.3130521828,\"14\":0.3088924901,\"15\":0.307192032,\"16\":0.2974023601,\"17\":0.2872273455,\"18\":0.2872273455,\"19\":0.2747515239,\"20\":0.2734469626,\"21\":0.2715802352,\"22\":0.2715802352,\"23\":0.2661958564,\"24\":0.2562833597,\"25\":0.2531270141,\"26\":0.2433711086,\"27\":0.2374714963,\"28\":0.2298175686,\"29\":0.2279622786,\"30\":0.2274806716,\"31\":0.2218401433,\"32\":0.2157179973,\"33\":0.2157179973,\"34\":0.2157179973,\"35\":0.2119382377,\"36\":0.2053525339,\"37\":0.1860535959,\"38\":0.1860535959,\"39\":0.1860535959,\"40\":0.1860535959,\"41\":0.1834751511,\"42\":0.1834751511,\"43\":0.1834751511,\"44\":0.1834751511,\"45\":0.1834751511,\"46\":0.1834751511,\"47\":0.1834751511,\"48\":0.1834751511,\"49\":0.1818683915,\"50\":0.1818683915,\"51\":0.1818683915,\"52\":0.1818683915,\"53\":0.1818683915,\"54\":0.1818683915,\"55\":0.1818683915,\"56\":0.1818683915,\"57\":0.1818683915,\"58\":0.1811403799,\"59\":0.1800607209,\"60\":0.1800607209,\"61\":0.1766428984,\"62\":0.1766428984,\"63\":0.1766428984,\"64\":0.1741799581,\"65\":0.1741799581,\"66\":0.171606494,\"67\":0.171606494,\"68\":0.171606494,\"69\":0.171606494,\"70\":0.171606494,\"71\":0.171606494,\"72\":0.171606494,\"73\":0.1704086232,\"74\":0.1704086232,\"75\":0.1704086232,\"76\":0.1704086232,\"77\":0.1704086232,\"78\":0.168761874,\"79\":0.168761874,\"80\":0.1675751581,\"81\":0.1675751581,\"82\":0.1675751581,\"83\":0.1675751581,\"84\":0.1675751581,\"85\":0.1675751581,\"86\":0.1662044771,\"87\":0.1633092313,\"88\":0.1633092313,\"89\":0.1608969773,\"90\":0.1608969773,\"91\":0.1608969773,\"92\":0.1608969773,\"93\":0.1608969773,\"94\":0.1608969773,\"95\":0.1574704772,\"96\":0.1574704772,\"97\":0.1518334019,\"98\":0.1518334019,\"99\":0.149247541},\"mean\":{\"0\":1.2295126579,\"1\":0.8740751172,\"2\":0.6717756192,\"3\":0.6109502315,\"4\":0.5148813014,\"5\":0.491732433,\"6\":0.4425412771,\"7\":0.4139826637,\"8\":0.3826568781,\"9\":0.3617353296,\"10\":0.347456216,\"11\":0.3425041857,\"12\":0.3296962536,\"13\":0.3256442654,\"14\":0.3168755338,\"15\":0.3123452829,\"16\":0.3050178392,\"17\":0.2999013036,\"18\":0.2970090282,\"19\":0.2905510239,\"20\":0.2849675033,\"21\":0.2808053186,\"22\":0.278254524,\"23\":0.2716310304,\"24\":0.2630461858,\"25\":0.2596441172,\"26\":0.2524055753,\"27\":0.2508910044,\"28\":0.2442404722,\"29\":0.2411024116,\"30\":0.2364778147,\"31\":0.2339176945,\"32\":0.2270362206,\"33\":0.2270362206,\"34\":0.2253771442,\"35\":0.2220595498,\"36\":0.2163599897,\"37\":0.2107056741,\"38\":0.2101495344,\"39\":0.2101073591,\"40\":0.2088983622,\"41\":0.2055757857,\"42\":0.204165553,\"43\":0.204165553,\"44\":0.204165553,\"45\":0.2020113825,\"46\":0.2020113825,\"47\":0.2013902567,\"48\":0.1996309643,\"49\":0.1980007105,\"50\":0.1980007105,\"51\":0.196913645,\"52\":0.196913645,\"53\":0.196913645,\"54\":0.1946506473,\"55\":0.1946156278,\"56\":0.1932419924,\"57\":0.1928638162,\"58\":0.190947555,\"59\":0.1887894851,\"60\":0.1887358146,\"61\":0.1855505554,\"62\":0.1854392654,\"63\":0.1854392654,\"64\":0.1844344807,\"65\":0.1838949631,\"66\":0.1820970574,\"67\":0.1814483104,\"68\":0.1814483104,\"69\":0.1814483104,\"70\":0.1812454173,\"71\":0.1811572729,\"72\":0.1802729353,\"73\":0.1794719397,\"74\":0.1794719397,\"75\":0.1794719397,\"76\":0.1790690335,\"77\":0.1789782599,\"78\":0.1774295176,\"79\":0.1774295176,\"80\":0.1763324696,\"81\":0.1763324696,\"82\":0.1763324696,\"83\":0.1763324696,\"84\":0.1760772317,\"85\":0.1760772317,\"86\":0.175057438,\"87\":0.1734493677,\"88\":0.1728730766,\"89\":0.1706872911,\"90\":0.1706872911,\"91\":0.1706872911,\"92\":0.1689466163,\"93\":0.1689466163,\"94\":0.1689466163,\"95\":0.1682307255,\"96\":0.1679473916,\"97\":0.1658841946,\"98\":0.1658841946,\"99\":0.1647886679},\"sem\":{\"0\":0.0621576232,\"1\":0.0468121969,\"2\":0.0357743855,\"3\":0.0335121307,\"4\":0.0277278921,\"5\":0.0258439982,\"6\":0.0239994259,\"7\":0.0210717189,\"8\":0.0183676344,\"9\":0.0167759668,\"10\":0.0162679735,\"11\":0.0161907388,\"12\":0.0146351107,\"13\":0.0143070391,\"14\":0.01323433,\"15\":0.0130515389,\"16\":0.0127936245,\"17\":0.0127183048,\"18\":0.0124128253,\"19\":0.012436582,\"20\":0.0122146673,\"21\":0.0119755279,\"22\":0.0115606333,\"23\":0.0113814406,\"24\":0.0114282022,\"25\":0.0115094675,\"26\":0.0107447323,\"27\":0.010773737,\"28\":0.0106862654,\"29\":0.010411504,\"30\":0.0098942121,\"31\":0.009751873,\"32\":0.0091040885,\"33\":0.0091040885,\"34\":0.0087381376,\"35\":0.0086547442,\"36\":0.0085948094,\"37\":0.0081773822,\"38\":0.0081469421,\"39\":0.0081525267,\"40\":0.0080406841,\"41\":0.0080559209,\"42\":0.0079883443,\"43\":0.0079883443,\"44\":0.0079883443,\"45\":0.0077581718,\"46\":0.0077581718,\"47\":0.0077419119,\"48\":0.00753141,\"49\":0.0074138393,\"50\":0.0074138393,\"51\":0.0073423632,\"52\":0.0073423632,\"53\":0.0073423632,\"54\":0.0070791459,\"55\":0.0070781574,\"56\":0.0069709704,\"57\":0.0069701257,\"58\":0.0068858226,\"59\":0.0068176311,\"60\":0.0068084354,\"61\":0.0066656806,\"62\":0.0066380193,\"63\":0.0066380193,\"64\":0.006685017,\"65\":0.0066414897,\"66\":0.0065094125,\"67\":0.0065179196,\"68\":0.0065179196,\"69\":0.0065179196,\"70\":0.0065270993,\"71\":0.0065168407,\"72\":0.0063591452,\"73\":0.0063620994,\"74\":0.0063620994,\"75\":0.0063620994,\"76\":0.0063819014,\"77\":0.0063761086,\"78\":0.0063652082,\"79\":0.0063652082,\"80\":0.0063466929,\"81\":0.0063466929,\"82\":0.0063466929,\"83\":0.0063466929,\"84\":0.0063172052,\"85\":0.0063172052,\"86\":0.0062850034,\"87\":0.0061907817,\"88\":0.0061267529,\"89\":0.0058965022,\"90\":0.0058965022,\"91\":0.0058965022,\"92\":0.005764938,\"93\":0.005764938,\"94\":0.005764938,\"95\":0.005805086,\"96\":0.0058016058,\"97\":0.0056817549,\"98\":0.0056817549,\"99\":0.0056354144}}"
    },
    "fit_time": [
        2.8521998858451845,
        0.02391911357811433
    ],
    "gen_time": [
        0.35744730175385486,
        0.024285486643488872
    ]
}
